<?xml version="1.0" encoding="UTF-8" standalone="no" ?>
<root>
    <child type="racine" x="0" y="0" z="0" scale="1" angle="0" affiche="1" selectionne="0" selectionnable="0" enregistrable="1">
        <child type="table" x="0" y="0" z="0" scale="1" angle="-20" affiche="1" selectionne="0" selectionnable="1" enregistrable="1" rebondissement="1" friction="30" acceleration="3" ptCx0="-100" ptCy0="-130" ptCz0="0" ptCx1="-100" ptCy1="0" ptCz1="0" ptCx2="-100" ptCy2="130" ptCz2="0" ptCx3="0" ptCy3="130" ptCz3="0" ptCx4="100" ptCy4="130" ptCz4="0" ptCx5="100" ptCy5="0" ptCz5="0" ptCx6="100" ptCy6="-130" ptCz6="0" ptCx7="0" ptCy7="-130" ptCz7="0">
            <child type="portail" x="-81.7143" y="102.161" z="0.04" scale="1" rayon="12.6327" angle="0" affiche="1" selectionne="0" selectionnable="1" enregistrable="1" />
            <child type="portail" x="84" y="111.891" z="0.04" scale="1" rayon="12.6327" angle="0" affiche="1" selectionne="0" selectionnable="1" enregistrable="1" />
            <child type="portail" x="83.4286" y="-112.499" z="0.04" scale="1" rayon="12.6327" angle="0" affiche="1" selectionne="0" selectionnable="1" enregistrable="1" />
            <child type="portail" x="-85.1429" y="-109.458" z="0.04" scale="1" rayon="12.6327" angle="0" affiche="1" selectionne="0" selectionnable="1" enregistrable="1" />
            <child type="accelerateur" x="0" y="-0" z="0.05" scale="1" rayon="14.3801" angle="0" affiche="1" selectionne="0" selectionnable="1" enregistrable="1" />
        </child>
    </child>
</root>
